<?xml version="1.0" encoding="UTF-8"?>
<project-private xmlns="http://www.netbeans.org/ns/project-private/1">
    <editor-bookmarks xmlns="http://www.netbeans.org/ns/editor-bookmarks/2" lastBookmarkId="0"/>
    <open-files xmlns="http://www.netbeans.org/ns/projectui-open-files/2">
        <group>
            <file>file:/D:/Elenir/Desktop/SistemaEscolar-master/src/java/Entidades/Funcionario.java</file>
            <file>file:/D:/Elenir/Desktop/SistemaEscolar-master/src/java/Entidades/Aluno.java</file>
            <file>file:/D:/Elenir/Desktop/SistemaEscolar-master/src/java/Entidades/Turma.java</file>
            <file>file:/D:/Elenir/Desktop/SistemaEscolar-master/src/java/Modelo/Modelo.java</file>
            <file>file:/D:/Elenir/Desktop/SistemaEscolar-master/src/java/Entidades/Pessoa.java</file>
            <file>file:/D:/Elenir/Desktop/SistemaEscolar-master/src/java/Entidades/Disciplina.java</file>
        </group>
    </open-files>
</project-private>
